"1212547698","Harno","98879097","Jl.DIPanjaitan"
"1232447676","Hana","93376621","Dongkelan"
"1234132111","Beno","98987676","Prayan Raya"
"1235432324","Hasno","87867890","Gedong Kiwo"
"1245132131","Bejo","87878890","Gedong Tengen"
"1274132765","Risna","87878744","Depok"
"1342547686","Resna","90170007","Depok"
"AB1234DF","Toyota Alphard"
"AB1254DF","Toyota Avanza"
"AB1341DE","Honda Jazz"
"AB2121FD","Nissan Grand Livina"
"AB2132DE","Honda Jazz"
"AB2321FE","Toyota Alphard"
"AB3124DF","Daihatsu Grand Max"
"AB3241FD","Toyota Avanza"
"AB3245FE","Toyota Avanza"
"AB4324FF","Daihatsu Grand Max"
"12123113","Kholil Azhari","Prayan Raya","87878654"
"12123114","Taufik Hidayat","Jl.Wonosari KM 3","89763542"
"12123115","Rahmat Nur Hidayat","Mantrijeron","87878898"
"12123116","Muhamad Ali Ma'mun","Depok ","98876634"
"12123117","Hery Ardiansyah","Gejayan","89769090"
"12123118","Cevin Figri","Babarsari","98870987"
"12344","1212547698","12123114","2","2019-05-09","AB1254DF"
"12345","1245132131","12123113","3","2019-05-11","AB1254DF"
"12346","1212547698","12123116","4","2019-05-21","AB1254DF"
"12347","1274132765","12123118","2","2019-05-19","AB1234DF"
"12348","1234132111","12123117","4","2019-05-21","AB1341DE"
"12349","1274132765","12123116","2","2019-05-15","AB3124DF"
"12350","1245132131","12123115","4","2019-05-27","AB4324FF"
"12351","1342547686","12123113","2","2019-05-28","AB3241FD"
"12352","1234132111","12123115","3","2019-05-26","AB3245FE"
"12353","1212547698","12123117","4","2019-05-30","AB1254DF"
"12354","1274132765","12123116","2","2019-05-29","AB3124DF"
